"Epic","Feature","Story","FAILED","BROKEN","PASSED","SKIPPED","UNKNOWN"
"","Demostración de Resultados - DEV","Valida visualización de informe de ejemplo interactivo en Tellmegen - [https://dev-app.v1.tellmegen.com]","0","0","1","0","0"
"","Demostración de Resultados - DEV","Valida visualización de informe de ejemplo interactivo en Tellmegen","0","0","1","0","0"
"","Demostración de Resultados","Valida visualización de informe de ejemplo interactivo en Tellmegen - [https://dev-app.v1.tellmegen.com]","0","0","1","0","0"
"","Demostración de Resultados","Valida visualización de informe de ejemplo interactivo en Tellmegen","0","0","1","0","0"
"","Demostración de Resultados - DEV","Valida visualización de informe de ejemplo interactivo en Vivabioma - [https://dev-app.vivabioma.com]","0","0","1","0","0"
"","Demostración de Resultados - DEV","Valida visualización de informe de ejemplo interactivo en Vivabioma","0","0","1","0","0"
"","Demostración de Resultados","Valida visualización de informe de ejemplo interactivo en Vivabioma - [https://dev-app.vivabioma.com]","0","0","1","0","0"
"","Demostración de Resultados","Valida visualización de informe de ejemplo interactivo en Vivabioma","0","0","1","0","0"
"","Navegación pública - DEV","Valida los distintos flujos de la pagina publica de Tellmegen - [https://dev-app.v1.tellmegen.com]","0","0","1","0","0"
"","Navegación pública - DEV","Valida los distintos flujos de la pagina publica de Tellmegen","0","0","1","0","0"
"","Navegación pública","Valida los distintos flujos de la pagina publica de Tellmegen - [https://dev-app.v1.tellmegen.com]","0","0","1","0","0"
"","Navegación pública","Valida los distintos flujos de la pagina publica de Tellmegen","0","0","1","0","0"
"","Navegación pública - DEV","Valida los distintos flujos de la pagina publica de Koko - [https://devportal.kokogenetics.com]","0","0","1","0","0"
"","Navegación pública - DEV","Valida los distintos flujos de la pagina publica de Koko","0","0","1","0","0"
"","Navegación pública","Valida los distintos flujos de la pagina publica de Koko - [https://devportal.kokogenetics.com]","0","0","1","0","0"
"","Navegación pública","Valida los distintos flujos de la pagina publica de Koko","0","0","1","0","0"
"","Navegación pública - DEV","Valida la autodeteccion de idioma en Tellmegen - [https://dev-app.v1.tellmegen.com]","0","0","13","0","0"
"","Navegación pública - DEV","Valida la autodeteccion de idioma en Tellmegen","0","0","13","0","0"
"","Navegación pública","Valida la autodeteccion de idioma en Tellmegen - [https://dev-app.v1.tellmegen.com]","0","0","13","0","0"
"","Navegación pública","Valida la autodeteccion de idioma en Tellmegen","0","0","13","0","0"
"","Navegación pública - DEV","Valida la autodeteccion de idioma en Koko - [https://devportal.kokogenetics.com]","0","0","13","0","0"
"","Navegación pública - DEV","Valida la autodeteccion de idioma en Koko","0","0","13","0","0"
"","Navegación pública","Valida la autodeteccion de idioma en Koko - [https://devportal.kokogenetics.com]","0","0","13","0","0"
"","Navegación pública","Valida la autodeteccion de idioma en Koko","0","0","13","0","0"
"","Recuperar Contraseña - DEV","Valida la funcionalidad de recuperar contraseña en Koko - [https://devportal.kokogenetics.com]","0","0","1","0","0"
"","Recuperar Contraseña - DEV","Valida la funcionalidad de recuperar contraseña en Koko","0","0","1","0","0"
"","Recuperar Contraseña","Valida la funcionalidad de recuperar contraseña en Koko - [https://devportal.kokogenetics.com]","0","0","1","0","0"
"","Recuperar Contraseña","Valida la funcionalidad de recuperar contraseña en Koko","0","0","1","0","0"
"","Navegación privada - DEV","Valida los distintos flujos de la pagina privada de Tellmegen - [https://dev-app.v1.tellmegen.com]","0","0","1","0","0"
"","Navegación privada - DEV","Valida los distintos flujos de la pagina privada de Tellmegen","0","0","1","0","0"
"","Navegación privada","Valida los distintos flujos de la pagina privada de Tellmegen - [https://dev-app.v1.tellmegen.com]","0","0","1","0","0"
"","Navegación privada","Valida los distintos flujos de la pagina privada de Tellmegen","0","0","1","0","0"
"","Demostración de Resultados - DEV","Valida visualización de informe de ejemplo interactivo en Koko - [https://devportal.kokogenetics.com]","0","0","1","0","0"
"","Demostración de Resultados - DEV","Valida visualización de informe de ejemplo interactivo en Koko","0","0","1","0","0"
"","Demostración de Resultados","Valida visualización de informe de ejemplo interactivo en Koko - [https://devportal.kokogenetics.com]","0","0","1","0","0"
"","Demostración de Resultados","Valida visualización de informe de ejemplo interactivo en Koko","0","0","1","0","0"
"","Navegación privada - DEV","Valida los distintos flujos de la pagina privada de Koko - [https://devportal.kokogenetics.com]","0","0","1","0","0"
"","Navegación privada - DEV","Valida los distintos flujos de la pagina privada de Koko","0","0","1","0","0"
"","Navegación privada","Valida los distintos flujos de la pagina privada de Koko - [https://devportal.kokogenetics.com]","0","0","1","0","0"
"","Navegación privada","Valida los distintos flujos de la pagina privada de Koko","0","0","1","0","0"
"","Recuperar Contraseña - DEV","Valida la funcionalidad de recuperar contraseña en Tellmegen - [https://dev-app.v1.tellmegen.com]","0","0","1","0","0"
"","Recuperar Contraseña - DEV","Valida la funcionalidad de recuperar contraseña en Tellmegen","0","0","1","0","0"
"","Recuperar Contraseña","Valida la funcionalidad de recuperar contraseña en Tellmegen - [https://dev-app.v1.tellmegen.com]","0","0","1","0","0"
"","Recuperar Contraseña","Valida la funcionalidad de recuperar contraseña en Tellmegen","0","0","1","0","0"
"","Registracion de cuentas - DEV","Valida registracion de cuenta de un Profesional - [https://dev-app.v1.tellmegen.com]","0","1","0","0","0"
"","Registracion de cuentas - DEV","Valida registracion de cuenta de un Profesional","0","1","0","0","0"
"","Registracion de cuentas","Valida registracion de cuenta de un Profesional - [https://dev-app.v1.tellmegen.com]","0","1","0","0","0"
"","Registracion de cuentas","Valida registracion de cuenta de un Profesional","0","1","0","0","0"
"","Registracion de cuentas - DEV","Valida registracion de cuenta de un Usuario Vivabioma - [https://dev-app.vivabioma.com]","0","1","0","0","0"
"","Registracion de cuentas - DEV","Valida registracion de cuenta de un Usuario Vivabioma","0","1","0","0","0"
"","Registracion de cuentas","Valida registracion de cuenta de un Usuario Vivabioma - [https://dev-app.vivabioma.com]","0","1","0","0","0"
"","Registracion de cuentas","Valida registracion de cuenta de un Usuario Vivabioma","0","1","0","0","0"
"","Registracion de cuentas - DEV","Valida registracion de cuenta de un Usuario Tellmegen (ULTRA) - [https://dev-app.v1.tellmegen.com]","0","0","1","0","0"
"","Registracion de cuentas - DEV","Valida registracion de cuenta de un Usuario Tellmegen (ULTRA)","0","0","1","0","0"
"","Registracion de cuentas","Valida registracion de cuenta de un Usuario Tellmegen (ULTRA) - [https://dev-app.v1.tellmegen.com]","0","0","1","0","0"
"","Registracion de cuentas","Valida registracion de cuenta de un Usuario Tellmegen (ULTRA)","0","0","1","0","0"
"","Registracion de cuentas - DEV","Valida registracion de cuenta de un Usuario Koko Genetics - [https://devportal.kokogenetics.com]","0","0","1","0","0"
"","Registracion de cuentas - DEV","Valida registracion de cuenta de un Usuario Koko Genetics","0","0","1","0","0"
"","Registracion de cuentas","Valida registracion de cuenta de un Usuario Koko Genetics - [https://devportal.kokogenetics.com]","0","0","1","0","0"
"","Registracion de cuentas","Valida registracion de cuenta de un Usuario Koko Genetics","0","0","1","0","0"
"","Registracion de cuentas - DEV","Valida registracion de cuenta de un Usuario Tellmegen - [https://dev-app.v1.tellmegen.com]","0","0","1","0","0"
"","Registracion de cuentas - DEV","Valida registracion de cuenta de un Usuario Tellmegen","0","0","1","0","0"
"","Registracion de cuentas","Valida registracion de cuenta de un Usuario Tellmegen - [https://dev-app.v1.tellmegen.com]","0","0","1","0","0"
"","Registracion de cuentas","Valida registracion de cuenta de un Usuario Tellmegen","0","0","1","0","0"
"Resultados Genéticos y de Salud","TellmeGen - Consistencia por Producto - DEV","STARTER - Validación de 5 resultados en profundidad en Rasgos - [https://dev-app.tellmegen.com]","0","0","1","0","0"
"Resultados Genéticos y de Salud","TellmeGen - Consistencia por Producto - DEV","STARTER - Validación de 5 resultados en profundidad en Rasgos","0","0","1","0","0"
"Resultados Genéticos y de Salud","TellmeGen - Consistencia por Producto","STARTER - Validación de 5 resultados en profundidad en Rasgos - [https://dev-app.tellmegen.com]","0","0","1","0","0"
"Resultados Genéticos y de Salud","TellmeGen - Consistencia por Producto","STARTER - Validación de 5 resultados en profundidad en Rasgos","0","0","1","0","0"
"Resultados Genéticos y de Salud","Vivabioma - Microbioma Intestinal - DEV","Microbioma - Validación de 5 biomarcadores clínicos en profundidad - [https://dev-app.tellmegen.com]","0","0","1","0","0"
"Resultados Genéticos y de Salud","Vivabioma - Microbioma Intestinal - DEV","Microbioma - Validación de 5 biomarcadores clínicos en profundidad","0","0","1","0","0"
"Resultados Genéticos y de Salud","Vivabioma - Microbioma Intestinal","Microbioma - Validación de 5 biomarcadores clínicos en profundidad - [https://dev-app.tellmegen.com]","0","0","1","0","0"
"Resultados Genéticos y de Salud","Vivabioma - Microbioma Intestinal","Microbioma - Validación de 5 biomarcadores clínicos en profundidad","0","0","1","0","0"
"Resultados Genéticos y de Salud","Koko Genetics - Mascotas - DEV","Koko PERRO - Validación de 5 resultados en profundidad en Salud canina - [https://dev-app.tellmegen.com]","0","0","1","0","0"
"Resultados Genéticos y de Salud","Koko Genetics - Mascotas - DEV","Koko PERRO - Validación de 5 resultados en profundidad en Salud canina","0","0","1","0","0"
"Resultados Genéticos y de Salud","Koko Genetics - Mascotas","Koko PERRO - Validación de 5 resultados en profundidad en Salud canina - [https://dev-app.tellmegen.com]","0","0","1","0","0"
"Resultados Genéticos y de Salud","Koko Genetics - Mascotas","Koko PERRO - Validación de 5 resultados en profundidad en Salud canina","0","0","1","0","0"
"Resultados Genéticos y de Salud","TellmeGen - Consistencia por Producto - DEV","ADVANCED - Validación de 5 resultados en profundidad en Salud - [https://dev-app.tellmegen.com]","0","0","1","0","0"
"Resultados Genéticos y de Salud","TellmeGen - Consistencia por Producto - DEV","ADVANCED - Validación de 5 resultados en profundidad en Salud","0","0","1","0","0"
"Resultados Genéticos y de Salud","TellmeGen - Consistencia por Producto","ADVANCED - Validación de 5 resultados en profundidad en Salud - [https://dev-app.tellmegen.com]","0","0","1","0","0"
"Resultados Genéticos y de Salud","TellmeGen - Consistencia por Producto","ADVANCED - Validación de 5 resultados en profundidad en Salud","0","0","1","0","0"
"Resultados Genéticos y de Salud","TellmeGen - Consistencia por Producto - DEV","ULTRA - Validación de catálogo completo y presencia de Farmacogenética - [https://dev-app.tellmegen.com]","0","0","1","0","0"
"Resultados Genéticos y de Salud","TellmeGen - Consistencia por Producto - DEV","ULTRA - Validación de catálogo completo y presencia de Farmacogenética","0","0","1","0","0"
"Resultados Genéticos y de Salud","TellmeGen - Consistencia por Producto","ULTRA - Validación de catálogo completo y presencia de Farmacogenética - [https://dev-app.tellmegen.com]","0","0","1","0","0"
"Resultados Genéticos y de Salud","TellmeGen - Consistencia por Producto","ULTRA - Validación de catálogo completo y presencia de Farmacogenética","0","0","1","0","0"
"Resultados Genéticos y de Salud","Koko Genetics - Mascotas - DEV","Koko GATO - Validación de catálogo felino y 5 resultados en profundidad - [https://dev-app.tellmegen.com]","0","0","1","0","0"
"Resultados Genéticos y de Salud","Koko Genetics - Mascotas - DEV","Koko GATO - Validación de catálogo felino y 5 resultados en profundidad","0","0","1","0","0"
"Resultados Genéticos y de Salud","Koko Genetics - Mascotas","Koko GATO - Validación de catálogo felino y 5 resultados en profundidad - [https://dev-app.tellmegen.com]","0","0","1","0","0"
"Resultados Genéticos y de Salud","Koko Genetics - Mascotas","Koko GATO - Validación de catálogo felino y 5 resultados en profundidad","0","0","1","0","0"
"","Verificacion de Links - DEV","Valida la deteccion de errores 404 o 500 en los links de Tellmegen y Koko - [https://www.tellmegen.com]","0","0","20","0","0"
"","Verificacion de Links - DEV","Valida la deteccion de errores 404 o 500 en los links de Tellmegen y Koko","0","0","20","0","0"
"","Verificacion de Links","Valida la deteccion de errores 404 o 500 en los links de Tellmegen y Koko - [https://www.tellmegen.com]","0","0","20","0","0"
"","Verificacion de Links","Valida la deteccion de errores 404 o 500 en los links de Tellmegen y Koko","0","0","20","0","0"
"","Control de Precios - DEV","Verifica que se muestren correctamente los precios de los productos en Tellmegen - [https://shop.tellmegen.com]","0","0","13","0","0"
"","Control de Precios - DEV","Verifica que se muestren correctamente los precios de los productos en Tellmegen","0","0","13","0","0"
"","Control de Precios","Verifica que se muestren correctamente los precios de los productos en Tellmegen - [https://shop.tellmegen.com]","0","0","13","0","0"
"","Control de Precios","Verifica que se muestren correctamente los precios de los productos en Tellmegen","0","0","13","0","0"
"","Control de Precios - DEV","Verifica que se muestren correctamente los precios de los productos en Koko - [https://shop.tellmegen.com]","0","0","13","0","0"
"","Control de Precios - DEV","Verifica que se muestren correctamente los precios de los productos en Koko","0","0","13","0","0"
"","Control de Precios","Verifica que se muestren correctamente los precios de los productos en Koko - [https://shop.tellmegen.com]","0","0","13","0","0"
"","Control de Precios","Verifica que se muestren correctamente los precios de los productos en Koko","0","0","13","0","0"
