"Status","Start Time","Stop Time","Duration in ms","Parent Suite","Suite","Sub Suite","Test Class","Test Method","Name","Description"
"passed","Tue Sep 29 13:49:55 UTC 2026","Tue Sep 29 13:50:08 UTC 2026","12811","tests","test_grupo2_funcionales","","","","test_de_autodeteccionidiomakoko[fr-https://www.kokogenetics.com/fr]",""
"passed","Tue Sep 29 13:50:24 UTC 2026","Tue Sep 29 13:50:28 UTC 2026","3162","tests","test_grupo2_funcionales","","","","test_de_autodeteccionidiomakoko[it-https://www.kokogenetics.com/it]",""
"passed","Tue Sep 29 13:49:51 UTC 2026","Tue Sep 29 13:49:54 UTC 2026","3292","tests","test_grupo2_funcionales","","","","test_de_autodeteccionidiomakoko[pt-https://www.kokogenetics.com/pt]",""
"passed","Tue Sep 29 13:49:05 UTC 2026","Tue Sep 29 13:49:10 UTC 2026","4246","tests","test_grupo2_funcionales","","","","test_de_autodeteccionidiomatmg[it-https://www.tellmegen.com/it]",""
"passed","Tue Sep 29 13:50:28 UTC 2026","Tue Sep 29 13:50:32 UTC 2026","3206","tests","test_grupo2_funcionales","","","","test_de_autodeteccionidiomakoko[ja-https://www.kokogenetics.com/ja]",""
"passed","Tue Sep 29 13:48:56 UTC 2026","Tue Sep 29 13:48:59 UTC 2026","3818","tests","test_grupo2_funcionales","","","","test_de_autodeteccionidiomatmg[fr-https://www.tellmegen.com/fr]",""
"passed","Tue Sep 29 13:47:15 UTC 2026","Tue Sep 29 13:47:22 UTC 2026","6831","tests","test_grupo2_funcionales","","","","test_de_paginapublica_koko",""
"passed","Tue Sep 29 13:49:11 UTC 2026","Tue Sep 29 13:49:15 UTC 2026","4512","tests","test_grupo2_funcionales","","","","test_de_autodeteccionidiomatmg[ja-https://www.tellmegen.com/ja]",""
"passed","Tue Sep 29 13:50:41 UTC 2026","Tue Sep 29 13:50:45 UTC 2026","3721","tests","test_grupo2_funcionales","","","","test_de_autodeteccionidiomakoko[sv-https://www.kokogenetics.com/sv]",""
"passed","Tue Sep 29 13:49:22 UTC 2026","Tue Sep 29 13:49:26 UTC 2026","4171","tests","test_grupo2_funcionales","","","","test_de_autodeteccionidiomatmg[nl-https://www.tellmegen.com/nl]",""
"passed","Tue Sep 29 13:49:39 UTC 2026","Tue Sep 29 13:49:41 UTC 2026","2390","tests","test_grupo2_funcionales","","","","test_de_autodeteccionidiomatmg[nb-https://www.tellmegen.com/nb]",""
"passed","Tue Sep 29 13:49:46 UTC 2026","Tue Sep 29 13:49:50 UTC 2026","3488","tests","test_grupo2_funcionales","","","","test_de_autodeteccionidiomakoko[en-https://www.kokogenetics.com/en]",""
"passed","Tue Sep 29 13:50:37 UTC 2026","Tue Sep 29 13:50:40 UTC 2026","3378","tests","test_grupo2_funcionales","","","","test_de_autodeteccionidiomakoko[nl-https://www.kokogenetics.com/nl]",""
"passed","Tue Sep 29 13:50:32 UTC 2026","Tue Sep 29 13:50:36 UTC 2026","3466","tests","test_grupo2_funcionales","","","","test_de_autodeteccionidiomakoko[fi-https://www.kokogenetics.com/fi]",""
"passed","Tue Sep 29 13:47:43 UTC 2026","Tue Sep 29 13:47:49 UTC 2026","6664","tests","test_grupo2_funcionales","","","","test_de_recuperodecontrasenakoko",""
"passed","Tue Sep 29 13:50:54 UTC 2026","Tue Sep 29 13:51:05 UTC 2026","11288","tests","test_grupo2_funcionales","","","","test_de_autodeteccionidiomakoko[nb-https://www.kokogenetics.com/nb]",""
"passed","Tue Sep 29 13:50:46 UTC 2026","Tue Sep 29 13:50:49 UTC 2026","3497","tests","test_grupo2_funcionales","","","","test_de_autodeteccionidiomakoko[ru-https://www.kokogenetics.com/ru]",""
"passed","Tue Sep 29 13:47:50 UTC 2026","Tue Sep 29 13:48:06 UTC 2026","15925","tests","test_grupo2_funcionales","","","","test_de_recuperodecontrasenatmg",""
"passed","Tue Sep 29 13:49:27 UTC 2026","Tue Sep 29 13:49:31 UTC 2026","4274","tests","test_grupo2_funcionales","","","","test_de_autodeteccionidiomatmg[sv-https://www.tellmegen.com/sv]",""
"passed","Tue Sep 29 13:49:00 UTC 2026","Tue Sep 29 13:49:04 UTC 2026","4086","tests","test_grupo2_funcionales","","","","test_de_autodeteccionidiomatmg[de-https://www.tellmegen.com/de]",""
"passed","Tue Sep 29 13:49:16 UTC 2026","Tue Sep 29 13:49:21 UTC 2026","5148","tests","test_grupo2_funcionales","","","","test_de_autodeteccionidiomatmg[fi-https://www.tellmegen.com/fi]",""
"passed","Tue Sep 29 13:49:32 UTC 2026","Tue Sep 29 13:49:34 UTC 2026","2574","tests","test_grupo2_funcionales","","","","test_de_autodeteccionidiomatmg[ru-https://www.tellmegen.com/ru]",""
"passed","Tue Sep 29 13:49:35 UTC 2026","Tue Sep 29 13:49:37 UTC 2026","1985","tests","test_grupo2_funcionales","","","","test_de_autodeteccionidiomatmg[pl-https://www.tellmegen.com/pl]",""
"passed","Tue Sep 29 13:51:16 UTC 2026","Tue Sep 29 13:51:24 UTC 2026","7419","tests","test_grupo2_funcionales","","","","test_visor_informe_ejemplo_vivabioma",""
"passed","Tue Sep 29 13:49:42 UTC 2026","Tue Sep 29 13:49:45 UTC 2026","3671","tests","test_grupo2_funcionales","","","","test_de_autodeteccionidiomakoko[-https://www.kokogenetics.com/]",""
"passed","Tue Sep 29 13:48:07 UTC 2026","Tue Sep 29 13:48:38 UTC 2026","30890","tests","test_grupo2_funcionales","","","","test_de_recuperodecontrasenavivabioma",""
"passed","Tue Sep 29 13:48:45 UTC 2026","Tue Sep 29 13:48:49 UTC 2026","3851","tests","test_grupo2_funcionales","","","","test_de_autodeteccionidiomatmg[en-https://www.tellmegen.com/en]",""
"passed","Tue Sep 29 13:47:23 UTC 2026","Tue Sep 29 13:47:42 UTC 2026","19031","tests","test_grupo2_funcionales","","","","test_de_paginaprivada_koko",""
"passed","Tue Sep 29 13:51:06 UTC 2026","Tue Sep 29 13:51:15 UTC 2026","9387","tests","test_grupo2_funcionales","","","","test_visor_informe_ejemplo_tmg",""
"passed","Tue Sep 29 13:50:50 UTC 2026","Tue Sep 29 13:50:53 UTC 2026","3119","tests","test_grupo2_funcionales","","","","test_de_autodeteccionidiomakoko[pl-https://www.kokogenetics.com/pl]",""
"passed","Tue Sep 29 13:46:11 UTC 2026","Tue Sep 29 13:46:29 UTC 2026","17713","tests","test_grupo2_funcionales","","","","test_de_paginapublica_tmg",""
"passed","Tue Sep 29 13:51:24 UTC 2026","Tue Sep 29 13:51:33 UTC 2026","8690","tests","test_grupo2_funcionales","","","","test_visor_informe_ejemplo_koko",""
"passed","Tue Sep 29 13:50:08 UTC 2026","Tue Sep 29 13:50:24 UTC 2026","15185","tests","test_grupo2_funcionales","","","","test_de_autodeteccionidiomakoko[de-https://www.kokogenetics.com/de]",""
"passed","Tue Sep 29 13:46:30 UTC 2026","Tue Sep 29 13:47:14 UTC 2026","44420","tests","test_grupo2_funcionales","","","","test_de_paginaprivada_tmg",""
"passed","Tue Sep 29 13:48:50 UTC 2026","Tue Sep 29 13:48:55 UTC 2026","4575","tests","test_grupo2_funcionales","","","","test_de_autodeteccionidiomatmg[pt-https://www.tellmegen.com/pt]",""
"passed","Tue Sep 29 13:48:39 UTC 2026","Tue Sep 29 13:48:44 UTC 2026","5256","tests","test_grupo2_funcionales","","","","test_de_autodeteccionidiomatmg[-https://www.tellmegen.com/]",""
"broken","Tue Sep 29 13:50:30 UTC 2026","Tue Sep 29 13:51:25 UTC 2026","55708","tests","test_grupo2_funcionales","","","","test_registracionusuarioVivabioma",""
"passed","Tue Sep 29 13:47:42 UTC 2026","Tue Sep 29 13:49:07 UTC 2026","84847","tests","test_grupo2_funcionales","","","","test_registracionusuarioTMG",""
"passed","Tue Sep 29 13:51:27 UTC 2026","Tue Sep 29 13:52:23 UTC 2026","56324","tests","test_grupo2_funcionales","","","","test_registracionusuarioKoko",""
"passed","Tue Sep 29 13:46:00 UTC 2026","Tue Sep 29 13:47:40 UTC 2026","100353","tests","test_grupo2_funcionales","","","","test_registracionprofesional",""
"passed","Tue Sep 29 13:49:08 UTC 2026","Tue Sep 29 13:50:29 UTC 2026","80964","tests","test_grupo2_funcionales","","","","test_registracionusuarioULTRA",""
"passed","Tue Sep 29 13:50:56 UTC 2026","Tue Sep 29 13:51:59 UTC 2026","63462","tests","test_grupo5_resultados","","","","test_resultados_koko_gato",""
"passed","Tue Sep 29 13:48:20 UTC 2026","Tue Sep 29 13:50:55 UTC 2026","155518","tests","test_grupo5_resultados","","","","test_resultados_koko_perro",""
"passed","Tue Sep 29 13:52:00 UTC 2026","Tue Sep 29 13:52:56 UTC 2026","55203","tests","test_grupo5_resultados","","","","test_resultados_vivabioma",""
"passed","Tue Sep 29 13:47:02 UTC 2026","Tue Sep 29 13:47:43 UTC 2026","40327","tests","test_grupo5_resultados","","","","test_resultados_tmg_advanced",""
"passed","Tue Sep 29 13:46:10 UTC 2026","Tue Sep 29 13:47:01 UTC 2026","51640","tests","test_grupo5_resultados","","","","test_resultados_tmg_starter",""
"passed","Tue Sep 29 13:47:44 UTC 2026","Tue Sep 29 13:48:19 UTC 2026","35094","tests","test_grupo5_resultados","","","","test_resultados_tmg_ultra",""
"passed","Tue Sep 29 13:45:48 UTC 2026","Tue Sep 29 13:46:49 UTC 2026","61448","tests","test_grupo3_sitemaps","","","","test_sitemap_links[https://www.tellmegen.com/de_sitemap.xml]",""
"passed","Tue Sep 29 13:47:50 UTC 2026","Tue Sep 29 13:48:45 UTC 2026","55226","tests","test_grupo3_sitemaps","","","","test_sitemap_links[https://www.kokogenetics.com/es_sitemap.xml]",""
"passed","Tue Sep 29 13:50:27 UTC 2026","Tue Sep 29 13:51:24 UTC 2026","57373","tests","test_grupo3_sitemaps","","","","test_sitemap_links[https://www.kokogenetics.com/pl_sitemap.xml]",""
"passed","Tue Sep 29 13:47:49 UTC 2026","Tue Sep 29 13:48:47 UTC 2026","57359","tests","test_grupo3_sitemaps","","","","test_sitemap_links[https://www.tellmegen.com/sv_sitemap.xml]",""
"passed","Tue Sep 29 13:45:03 UTC 2026","Tue Sep 29 13:45:48 UTC 2026","44470","tests","test_grupo3_sitemaps","","","","test_sitemap_links[https://www.tellmegen.com/pt_sitemap.xml]",""
"passed","Tue Sep 29 13:48:45 UTC 2026","Tue Sep 29 13:49:29 UTC 2026","44500","tests","test_grupo3_sitemaps","","","","test_sitemap_links[https://www.kokogenetics.com/fr_sitemap.xml]",""
"passed","Tue Sep 29 13:46:49 UTC 2026","Tue Sep 29 13:47:50 UTC 2026","60332","tests","test_grupo3_sitemaps","","","","test_sitemap_links[https://www.tellmegen.com/fi_sitemap.xml]",""
"passed","Tue Sep 29 13:45:03 UTC 2026","Tue Sep 29 13:45:47 UTC 2026","44213","tests","test_grupo3_sitemaps","","","","test_sitemap_links[https://www.tellmegen.com/it_sitemap.xml]",""
"passed","Tue Sep 29 13:48:44 UTC 2026","Tue Sep 29 13:49:29 UTC 2026","45512","tests","test_grupo3_sitemaps","","","","test_sitemap_links[https://www.kokogenetics.com/pt_sitemap.xml]",""
"passed","Tue Sep 29 13:49:29 UTC 2026","Tue Sep 29 13:50:28 UTC 2026","58085","tests","test_grupo3_sitemaps","","","","test_sitemap_links[https://www.kokogenetics.com/fi_sitemap.xml]",""
"passed","Tue Sep 29 13:47:50 UTC 2026","Tue Sep 29 13:48:44 UTC 2026","53705","tests","test_grupo3_sitemaps","","","","test_sitemap_links[https://www.kokogenetics.com/en_sitemap.xml]",""
"passed","Tue Sep 29 13:49:28 UTC 2026","Tue Sep 29 13:50:27 UTC 2026","58471","tests","test_grupo3_sitemaps","","","","test_sitemap_links[https://www.kokogenetics.com/nl_sitemap.xml]",""
"passed","Tue Sep 29 13:46:48 UTC 2026","Tue Sep 29 13:47:49 UTC 2026","60919","tests","test_grupo3_sitemaps","","","","test_sitemap_links[https://www.tellmegen.com/pl_sitemap.xml]",""
"passed","Tue Sep 29 13:49:29 UTC 2026","Tue Sep 29 13:50:27 UTC 2026","57906","tests","test_grupo3_sitemaps","","","","test_sitemap_links[https://www.kokogenetics.com/de_sitemap.xml]",""
"passed","Tue Sep 29 13:50:27 UTC 2026","Tue Sep 29 13:51:24 UTC 2026","57059","tests","test_grupo3_sitemaps","","","","test_sitemap_links[https://www.kokogenetics.com/sv_sitemap.xml]",""
"passed","Tue Sep 29 13:48:47 UTC 2026","Tue Sep 29 13:49:28 UTC 2026","41584","tests","test_grupo3_sitemaps","","","","test_sitemap_links[https://www.kokogenetics.com/it_sitemap.xml]",""
"passed","Tue Sep 29 13:45:48 UTC 2026","Tue Sep 29 13:46:48 UTC 2026","60540","tests","test_grupo3_sitemaps","","","","test_sitemap_links[https://www.tellmegen.com/en_sitemap.xml]",""
"passed","Tue Sep 29 13:45:03 UTC 2026","Tue Sep 29 13:45:48 UTC 2026","44556","tests","test_grupo3_sitemaps","","","","test_sitemap_links[https://www.tellmegen.com/es_sitemap.xml]",""
"passed","Tue Sep 29 13:46:49 UTC 2026","Tue Sep 29 13:47:50 UTC 2026","60477","tests","test_grupo3_sitemaps","","","","test_sitemap_links[https://www.tellmegen.com/nl_sitemap.xml]",""
"passed","Tue Sep 29 13:45:48 UTC 2026","Tue Sep 29 13:46:49 UTC 2026","61944","tests","test_grupo3_sitemaps","","","","test_sitemap_links[https://www.tellmegen.com/fr_sitemap.xml]",""
"passed","Tue Sep 29 13:48:27 UTC 2026","Tue Sep 29 13:48:42 UTC 2026","15407","tests","test_grupo4_precios","","","","test_precios_tmg[sv-https://www.tellmegen.com/sv-https://shop.tellmegen.com/sv/]",""
"passed","Tue Sep 29 13:46:43 UTC 2026","Tue Sep 29 13:47:00 UTC 2026","17251","tests","test_grupo4_precios","","","","test_precios_tmg[pt-https://www.tellmegen.com/pt-https://shop.tellmegen.com/pt/]",""
"passed","Tue Sep 29 13:49:13 UTC 2026","Tue Sep 29 13:49:26 UTC 2026","13259","tests","test_grupo4_precios","","","","test_precios_tmg[ja-https://www.tellmegen.com/ja-https://shop.tellmegen.com/ja/]",""
"passed","Tue Sep 29 13:47:46 UTC 2026","Tue Sep 29 13:47:59 UTC 2026","12940","tests","test_grupo4_precios","","","","test_precios_tmg[it-https://www.tellmegen.com/it-https://shop.tellmegen.com/it/]",""
"passed","Tue Sep 29 13:48:00 UTC 2026","Tue Sep 29 13:48:12 UTC 2026","12227","tests","test_grupo4_precios","","","","test_precios_tmg[fi-https://www.tellmegen.com/fi-https://shop.tellmegen.com/fi/]",""
"passed","Tue Sep 29 13:48:44 UTC 2026","Tue Sep 29 13:48:59 UTC 2026","15113","tests","test_grupo4_precios","","","","test_precios_tmg[ru-https://www.tellmegen.com/ru-https://shop.tellmegen.com/ru/]",""
"passed","Tue Sep 29 13:47:16 UTC 2026","Tue Sep 29 13:47:45 UTC 2026","28733","tests","test_grupo4_precios","","","","test_precios_tmg[de-https://www.tellmegen.com/de-https://shop.tellmegen.com/de/]",""
"passed","Tue Sep 29 13:49:00 UTC 2026","Tue Sep 29 13:49:12 UTC 2026","12484","tests","test_grupo4_precios","","","","test_precios_tmg[pl-https://www.tellmegen.com/pl-https://shop.tellmegen.com/pl/]",""
"passed","Tue Sep 29 13:46:01 UTC 2026","Tue Sep 29 13:46:17 UTC 2026","16165","tests","test_grupo4_precios","","","","test_precios_tmg[es-https://www.tellmegen.com/-https://shop.tellmegen.com/es/]",""
"passed","Tue Sep 29 13:46:18 UTC 2026","Tue Sep 29 13:46:42 UTC 2026","23665","tests","test_grupo4_precios","","","","test_precios_tmg[en-https://www.tellmegen.com/en-https://shop.tellmegen.com/en/]",""
"passed","Tue Sep 29 13:49:28 UTC 2026","Tue Sep 29 13:49:41 UTC 2026","13147","tests","test_grupo4_precios","","","","test_precios_tmg[nb-https://www.tellmegen.com/nb-https://shop.tellmegen.com/no/]",""
"passed","Tue Sep 29 13:47:01 UTC 2026","Tue Sep 29 13:47:15 UTC 2026","13500","tests","test_grupo4_precios","","","","test_precios_tmg[fr-https://www.tellmegen.com/fr-https://shop.tellmegen.com/fr/]",""
"passed","Tue Sep 29 13:48:13 UTC 2026","Tue Sep 29 13:48:26 UTC 2026","13293","tests","test_grupo4_precios","","","","test_precios_tmg[nl-https://www.tellmegen.com/nl-https://shop.tellmegen.com/nl/]",""
"passed","Tue Sep 29 13:46:12 UTC 2026","Tue Sep 29 13:46:29 UTC 2026","16441","tests","test_grupo4_precios","","","","test_precios_koko[es-https://www.kokogenetics.com/-https://shop.kokogenetics.com/es/]",""
"passed","Tue Sep 29 13:47:45 UTC 2026","Tue Sep 29 13:47:58 UTC 2026","12453","tests","test_grupo4_precios","","","","test_precios_koko[fi-https://www.kokogenetics.com/fi/-https://shop.kokogenetics.com/fi/]",""
"passed","Tue Sep 29 13:47:16 UTC 2026","Tue Sep 29 13:47:29 UTC 2026","13454","tests","test_grupo4_precios","","","","test_precios_koko[de-https://www.kokogenetics.com/de/-https://shop.kokogenetics.com/de/]",""
"passed","Tue Sep 29 13:47:01 UTC 2026","Tue Sep 29 13:47:15 UTC 2026","13719","tests","test_grupo4_precios","","","","test_precios_koko[fr-https://www.kokogenetics.com/fr/-https://shop.kokogenetics.com/fr/]",""
"passed","Tue Sep 29 13:47:59 UTC 2026","Tue Sep 29 13:48:25 UTC 2026","25904","tests","test_grupo4_precios","","","","test_precios_koko[nl-https://www.kokogenetics.com/nl/-https://shop.kokogenetics.com/nl/]",""
"passed","Tue Sep 29 13:48:26 UTC 2026","Tue Sep 29 13:48:50 UTC 2026","24529","tests","test_grupo4_precios","","","","test_precios_koko[sv-https://www.kokogenetics.com/sv/-https://shop.kokogenetics.com/sv/]",""
"passed","Tue Sep 29 13:48:51 UTC 2026","Tue Sep 29 13:49:09 UTC 2026","17464","tests","test_grupo4_precios","","","","test_precios_koko[pl-https://www.kokogenetics.com/pl/-https://shop.kokogenetics.com/pl/]",""
"passed","Tue Sep 29 13:49:09 UTC 2026","Tue Sep 29 13:49:38 UTC 2026","28720","tests","test_grupo4_precios","","","","test_precios_koko[ja-https://www.kokogenetics.com/ja/-https://shop.kokogenetics.com/ja/]",""
"passed","Tue Sep 29 13:46:46 UTC 2026","Tue Sep 29 13:47:00 UTC 2026","13950","tests","test_grupo4_precios","","","","test_precios_koko[pt-https://www.kokogenetics.com/pt/-https://shop.kokogenetics.com/pt/]",""
"passed","Tue Sep 29 13:49:53 UTC 2026","Tue Sep 29 13:50:18 UTC 2026","25112","tests","test_grupo4_precios","","","","test_precios_koko[ru-https://www.kokogenetics.com/ru/-https://shop.kokogenetics.com/ru/]",""
"passed","Tue Sep 29 13:49:39 UTC 2026","Tue Sep 29 13:49:52 UTC 2026","12720","tests","test_grupo4_precios","","","","test_precios_koko[nb-https://www.kokogenetics.com/nb/-https://shop.kokogenetics.com/no/]",""
"passed","Tue Sep 29 13:47:30 UTC 2026","Tue Sep 29 13:47:44 UTC 2026","13709","tests","test_grupo4_precios","","","","test_precios_koko[it-https://www.kokogenetics.com/it/-https://shop.kokogenetics.com/it/]",""
"passed","Tue Sep 29 13:46:30 UTC 2026","Tue Sep 29 13:46:45 UTC 2026","14417","tests","test_grupo4_precios","","","","test_precios_koko[en-https://www.kokogenetics.com/en/-https://shop.kokogenetics.com/en/]",""
